<?xml version="1.0" encoding="utf-8"?>
<manifest xmlns="http://www.zheyitianshi.com" versionCode="0.8,1.0">
	<application setting="false">
		<name><![CDATA[预约与调查]]></name>
		<identifie><![CDATA[we7_research]]></identifie>
		<version><![CDATA[4.6.1]]></version>
		<type><![CDATA[customer]]></type>
		<ability><![CDATA[可以快速生成调查表单或则预约记录]]></ability>
		<description><![CDATA[预约与调查]]></description>
		<author><![CDATA[折翼天使资源社区]]></author>
		<url><![CDATA[https://www.zheyitianshi.com]]></url>
	</application>
	<platform>
		<subscribes>
		</subscribes>
		<handles>
			<message type="text" />
		</handles>
		<rule embed="true" />
		<card embed="false" />
		
	</platform>
	<bindings>
		<menu>
			<entry title="预约活动列表" do="display" state="" direct="false" />
			<entry title="新建预约活动" do="post" state="" direct="false" />
		</menu>
		<profile>
			<entry title="我的预约" do="myresearch" state="" direct="false" />
		</profile>
	</bindings>
	<permissions>
	</permissions>
	<install><![CDATA[CREATE TABLE IF NOT EXISTS `ims_research` (
  `reid` int(11) NOT NULL AUTO_INCREMENT,
  `weid` int(11) NOT NULL,
  `title` varchar(100) NOT NULL DEFAULT '',
  `description` varchar(1000) NOT NULL,
  `content` text NOT NULL,
  `information` varchar(500) NOT NULL DEFAULT '',
  `thumb` varchar(200) NOT NULL DEFAULT '',
  `inhome` tinyint(4) NOT NULL DEFAULT '0',
  `createtime` int(10) NOT NULL DEFAULT '0',
  `starttime` int(10) NOT NULL DEFAULT '0',
  `endtime` int(10) unsigned NOT NULL,
  `status` int(11) NOT NULL DEFAULT '0',
  `pretotal` int(10) unsigned NOT NULL DEFAULT '1',
  `alltotal` int(10) unsigned NOT NULL DEFAULT '100' COMMENT '预约总人数',
  `noticeemail` varchar(50) NOT NULL DEFAULT '',
  `mobile` varchar(11) NOT NULL DEFAULT '' COMMENT '通知手机号码',
  PRIMARY KEY (`reid`),
  KEY `weid` (`weid`)
) ENGINE=MyISAM AUTO_INCREMENT=3 DEFAULT CHARSET=utf8;
CREATE TABLE IF NOT EXISTS `ims_research_data` (
  `redid` bigint(20) NOT NULL AUTO_INCREMENT,
  `reid` int(11) NOT NULL,
  `rerid` int(11) NOT NULL,
  `refid` int(11) NOT NULL,
  `data` varchar(800) NOT NULL,
  PRIMARY KEY (`redid`)
) ENGINE=MyISAM AUTO_INCREMENT=2 DEFAULT CHARSET=utf8;
CREATE TABLE IF NOT EXISTS `ims_research_fields` (
  `refid` int(11) NOT NULL AUTO_INCREMENT,
  `reid` int(11) NOT NULL DEFAULT '0',
  `title` varchar(200) NOT NULL DEFAULT '',
  `type` varchar(20) NOT NULL DEFAULT '',
  `essential` tinyint(4) NOT NULL DEFAULT '0',
  `bind` varchar(30) NOT NULL DEFAULT '',
  `value` varchar(300) NOT NULL DEFAULT '',
  `description` varchar(500) NOT NULL DEFAULT '',
  `displayorder` int(11) unsigned NOT NULL DEFAULT '0',
  PRIMARY KEY (`refid`)
) ENGINE=MyISAM AUTO_INCREMENT=6 DEFAULT CHARSET=utf8;
CREATE TABLE IF NOT EXISTS `ims_research_reply` (
  `id` int(11) NOT NULL AUTO_INCREMENT,
  `rid` int(11) NOT NULL,
  `reid` int(11) NOT NULL,
  PRIMARY KEY (`id`)
) ENGINE=MyISAM AUTO_INCREMENT=2 DEFAULT CHARSET=utf8;
CREATE TABLE IF NOT EXISTS `ims_research_rows` (
  `rerid` int(11) NOT NULL AUTO_INCREMENT,
  `reid` int(11) NOT NULL,
  `openid` varchar(50) NOT NULL,
  `createtime` int(10) NOT NULL DEFAULT '0',
  PRIMARY KEY (`rerid`),
  KEY `reid` (`reid`)
) ENGINE=MyISAM AUTO_INCREMENT=2 DEFAULT CHARSET=utf8;
]]></install>
	<uninstall><![CDATA[DROP TABLE IF EXISTS `ims_research`;
DROP TABLE IF EXISTS `ims_research_data`;
DROP TABLE IF EXISTS `ims_research_fields`;
DROP TABLE IF EXISTS `ims_research_reply`;
DROP TABLE IF EXISTS `ims_research_rows`;
]]></uninstall>
	<upgrade><![CDATA[upgrade.php]]></upgrade>
</manifest>